ID Ligi,Klub,Pozycja,Zawodnik,Powrót do gry
"18759","United States Naval Academy","Ś","Riolet, Philippe","2026-05-14 05:31:50"
"18761","Lykerios","A","Griffeth, Kaden","2026-05-14 11:02:47"
"15203","LOS ANGELES VBC","R","Kowalski, John","2026-05-14 20:31:54"
"18759","VT Volleyball Team","R","Batey, Alan","2026-05-15 10:41:31"
"15203","CELTICS VC","P","Newbold, Mike","2026-05-15 10:41:36"
"18761","Chagara","L","Doody, Joaquin","2026-05-15 11:44:52"
"18761","USSR","P","Duty, Kory","2026-05-15 12:15:34"
"15203","Texas Flamengo","A","Živko, Metod","2026-05-15 12:41:08"
"18759","Giuseppeteams","R","Baran, Janusz","2026-05-15 17:33:51"
"15203","RHCP","R","Görkem, Refik","2026-05-15 18:54:07"
"18761","The Lords","Ś","Gautreaux, Calvin","2026-05-15 22:51:14"
"18760","Badger Blizzards","A","Voisin, Fabien","2026-05-16 07:12:11"
"15203","Calvin Klein Volley","A","Biffino, Gigi","2026-05-16 11:41:28"
"15203","Austin Jam","A","Rzemek, Aleksander","2026-05-16 13:25:38"
"18759","Saul","Ś","Willcox, Jose","2026-05-16 13:51:17"
"18760","Monkeykid Maniacs","A","Creese, Jeffery","2026-05-16 17:33:53"
"18761","Team Canada","A","Charão, Morais","2026-05-17 04:38:18"
"18759","Giuseppeteams","L","İlkın, Ayhan","2026-05-17 05:34:48"
"18761","Reed Hook","Ś","Brito, Andrei","2026-05-17 09:09:09"
"18762","Emerald VC","Ś","Lewallen, Julian","2026-05-17 21:51:15"
"18760","RI VB","P","Wadel, Sergio","2026-05-17 22:51:15"
"18760","Badger Blizzards","P","Kovero, Otto","2026-05-18 06:54:32"
"18759","Sacramento Predators","R","Deribeev, Atanas","2026-05-18 07:12:18"
"18759","Saul","R","Lipford, Issac","2026-05-18 12:54:13"
"18762","lissa23","Ś","Madry, Quinton","2026-05-18 12:54:13"
"18762","Emerald VC","L","Louvier, Hans","2026-05-18 23:35:27"
"18760","Badger Blizzards","Ś","Reiss, Elias","2026-05-19 02:18:01"
"18759","ballers","Ś","Schaller, Fred","2026-05-19 20:12:31"
"18760","Aluminum Essential Oil Bottles","L","Fredrickson, Will","2026-05-20 16:19:58"
"18762","NorCal","P","Justis, Floyd","2026-05-27 01:49:41"
"18761","Ohio Elite","P","Frasher, Cody","2026-05-28 22:53:36"
